{"cameraMode":{"drawMode":0,"name":"Shaded","section":"Shading Mode"},"sceneLighting":true,"audioPlay":false,"sceneViewState":{"showFog":true,"showMaterialUpdate":false,"showSkybox":true,"showFlares":true,"showImageEffects":true,"showParticleSystems":true},"in2DMode":false,"pivot":{"x":-3.778632879257202,"y":20.863210678100587,"z":-10.36368465423584},"rotation":{"x":-0.13844776153564454,"y":0.06737039983272553,"z":-0.009429492987692356,"w":-0.9880306720733643},"size":67.32660675048828,"orthographic":false}